stat	mean	sd	stdErr
dedupMapped	3953990.212173913	5254544.93071468	154948.07665767416
geneCounted	2749719.324347826	3963893.3042704943	116888.8365541881
predupMapped	6984652.676521739	8099278.240207224	238834.68543578917
rawCounts	9980154.008695653	10552266.08760432	311169.3507646728
trimmedCounts	9885185.660869565	10479153.075069176	309013.36564696097
