delta.rank	pval	level	nseqs	term	name	p.adj
0	1.35498524464555e-9	3	20	GO:0051087	chaperone binding	4.99989555274208e-7
